Statistic Measure	Naive Bayes	Random Forest	SVM	KNN	My Method
Accuracy	0.95	0.95	0.9333333333333333	0.9466666666666667
Precision	0.9591888114520737	0.9365317642556448	0.917673482635508	0.9295577071162857
Recall	0.9197466043649871	0.9423527397260274	0.9160299982659963	0.9334049982659962
F-Measure	0.9342055236433119	0.938923462802952	0.9155386828232889	0.931356795651617
