Statistic Measure	Naive Bayes	Random Forest	SVM	KNN	My Method
accuracy	0.9083371471091585	0.9326443679463784	0.9199596640353469	0.9363010671684389
precision_macro	0.9253036085964599	0.9314054829752756	0.913301158177726	0.9330790033296251
recall_macro	0.8704578035828036	0.9263314895189897	0.9109765342265342	0.9241536185911186
f1_macro	0.8803201217222689	0.926355710119352	0.9099236503792874	0.9275118560636827
