Statistic Measure	Naive Bayes	Random Forest	SVM	KNN	My Method
Accuracy	1.0	0.8	0.6	0.8
Precision	1.0	0.8125	0.6799999999999999	0.55
Recall	1.0	0.875	0.5666666666666667	0.55
F-Measure	1.0	0.7976190476190476	0.5476190476190477	0.55
