Statistic Measure	Naive Bayes	Random Forest	SVM	KNN	My Method
accuracy	0.9066671728511663	0.9353077783560941	0.9079705610394138	0.9399744820602093	0.9020025953899482
precision_macro	0.9236754106509908	0.9304719211797947	0.9011545836728194	0.9365544882969464	0.9214356059805555
recall_macro	0.8675344352844354	0.9252592424467425	0.8883363958988959	0.9278025484275485	0.8627392905517904
f1_macro	0.8769668400106274	0.9263490869855682	0.8900368020292447	0.9310157340957991	0.8729532936390182
