Statistic Measure	Naive Bayes	Random Forest	SVM	KNN	My Method
accuracy	0.9083371471091585	0.9353155305894039	0.9199596640353469
precision_macro	0.9253036085964599	0.9323029802856808	0.913301158177726
recall_macro	0.8704578035828036	0.9212084041459041	0.9109765342265342
f1_macro	0.8803201217222689	0.9299750657699771	0.9099236503792874
